INDEX,URI_1,URI_2,TRUTH
1,https://w3id.org/scholarlydata/person/gregoris-antoniou,https://w3id.org/scholarlydata/person/grigoris-antoniou,1
2,https://w3id.org/scholarlydata/person/gregoris-antoniou,https://w3id.org/scholarlydata/person/grigoris-antoniou,1
3,https://w3id.org/scholarlydata/person/grigoris-antoniou,https://w3id.org/scholarlydata/person/gregoris-antoniou,1
4,https://w3id.org/scholarlydata/person/grigoris-antoniou,https://w3id.org/scholarlydata/person/gregoris-antoniou,1
5,https://w3id.org/scholarlydata/person/ghislain-atemezing,https://w3id.org/scholarlydata/person/ghislain-auguste-atemezing,1
6,https://w3id.org/scholarlydata/person/ghislain-auguste-atemezing,https://w3id.org/scholarlydata/person/ghislain-atemezing,1
7,https://w3id.org/scholarlydata/person/soeren-auer,https://w3id.org/scholarlydata/person/soren-auer,1
8,https://w3id.org/scholarlydata/person/soeren-auer,https://w3id.org/scholarlydata/person/soren-auer,1
9,https://w3id.org/scholarlydata/person/soren-auer,https://w3id.org/scholarlydata/person/soeren-auer,1
10,https://w3id.org/scholarlydata/person/soren-auer,https://w3id.org/scholarlydata/person/soeren-auer,1
11,https://w3id.org/scholarlydata/person/lorenz-buehmann,https://w3id.org/scholarlydata/person/lorenz-buhmann,1
12,https://w3id.org/scholarlydata/person/lorenz-buhmann,https://w3id.org/scholarlydata/person/lorenz-buehmann,1
13,https://w3id.org/scholarlydata/person/amparo-e-cano,https://w3id.org/scholarlydata/person/amparo-e.-cano,1
14,https://w3id.org/scholarlydata/person/amparo-e.-cano,https://w3id.org/scholarlydata/person/amparo-e-cano,1
15,https://w3id.org/scholarlydata/person/marco-a.-casanova,https://w3id.org/scholarlydata/person/marco-antonio-casanova,1
16,https://w3id.org/scholarlydata/person/marco-a.-casanova,https://w3id.org/scholarlydata/person/marco-antonio-casanova,1
17,https://w3id.org/scholarlydata/person/marco-a.-casanova,https://w3id.org/scholarlydata/person/marco-casanova,1
18,https://w3id.org/scholarlydata/person/marco-antonio-casanova,https://w3id.org/scholarlydata/person/marco-a.-casanova,1
19,https://w3id.org/scholarlydata/person/marco-antonio-casanova,https://w3id.org/scholarlydata/person/marco-a.-casanova,1
20,https://w3id.org/scholarlydata/person/marco-antonio-casanova,https://w3id.org/scholarlydata/person/marco-casanova,1
21,https://w3id.org/scholarlydata/person/marco-antonio-casanova,https://w3id.org/scholarlydata/person/marco-casanova,1
22,https://w3id.org/scholarlydata/person/marco-casanova,https://w3id.org/scholarlydata/person/marco-a.-casanova,1
23,https://w3id.org/scholarlydata/person/marco-casanova,https://w3id.org/scholarlydata/person/marco-antonio-casanova,1
24,https://w3id.org/scholarlydata/person/marco-casanova,https://w3id.org/scholarlydata/person/marco-antonio-casanova,1
25,https://w3id.org/scholarlydata/person/pern-hui-chia,https://w3id.org/scholarlydata/person/pernhui-chia,1
26,https://w3id.org/scholarlydata/person/pernhui-chia,https://w3id.org/scholarlydata/person/pern-hui-chia,1
27,https://w3id.org/scholarlydata/person/Oscar-corcho,https://w3id.org/scholarlydata/person/oscar-corcho,1
28,https://w3id.org/scholarlydata/person/Oscar-corcho,https://w3id.org/scholarlydata/person/oscar-corcho,1
29,https://w3id.org/scholarlydata/person/oscar-corcho,https://w3id.org/scholarlydata/person/Oscar-corcho,1
30,https://w3id.org/scholarlydata/person/oscar-corcho,https://w3id.org/scholarlydata/person/Oscar-corcho,1
31,https://w3id.org/scholarlydata/person/fabio-cozman,https://w3id.org/scholarlydata/person/fabio-gagliardi-cozman,1
32,https://w3id.org/scholarlydata/person/fabio-gagliardi-cozman,https://w3id.org/scholarlydata/person/fabio-cozman,1
33,https://w3id.org/scholarlydata/person/isabel-cruz,https://w3id.org/scholarlydata/person/isabel-f-cruz,1
34,https://w3id.org/scholarlydata/person/isabel-f-cruz,https://w3id.org/scholarlydata/person/isabel-cruz,1
35,https://w3id.org/scholarlydata/person/aglio,https://w3id.org/scholarlydata/person/daniele-dellaglio,1
36,https://w3id.org/scholarlydata/person/daniele-dellaglio,https://w3id.org/scholarlydata/person/aglio,1
37,https://w3id.org/scholarlydata/person/claudiu-firan,https://w3id.org/scholarlydata/person/claudiu-s-firan,1
38,https://w3id.org/scholarlydata/person/claudiu-s-firan,https://w3id.org/scholarlydata/person/claudiu-firan,1
39,https://w3id.org/scholarlydata/person/alfio-gliozzo,https://w3id.org/scholarlydata/person/alfio-massimiliano-gliozzo,1
40,https://w3id.org/scholarlydata/person/alfio-massimiliano-gliozzo,https://w3id.org/scholarlydata/person/alfio-gliozzo,1
41,https://w3id.org/scholarlydata/person/alasdair-gray,https://w3id.org/scholarlydata/person/alasdair-j-g-gray,1
42,https://w3id.org/scholarlydata/person/alasdair-gray,https://w3id.org/scholarlydata/person/alasdair-j-g-gray,1
43,https://w3id.org/scholarlydata/person/alasdair-gray,https://w3id.org/scholarlydata/person/alasdair-j-g-gray,1
44,https://w3id.org/scholarlydata/person/alasdair-j-g-gray,https://w3id.org/scholarlydata/person/alasdair-gray,1
45,https://w3id.org/scholarlydata/person/alasdair-j-g-gray,https://w3id.org/scholarlydata/person/alasdair-gray,1
46,https://w3id.org/scholarlydata/person/alasdair-j-g-gray,https://w3id.org/scholarlydata/person/alasdair-gray,1
47,https://w3id.org/scholarlydata/person/daniel-herzig,https://w3id.org/scholarlydata/person/danielm-herzig,1
48,https://w3id.org/scholarlydata/person/daniel-herzig,https://w3id.org/scholarlydata/person/danielm-herzig,1
49,https://w3id.org/scholarlydata/person/danielm-herzig,https://w3id.org/scholarlydata/person/daniel-herzig,1
50,https://w3id.org/scholarlydata/person/danielm-herzig,https://w3id.org/scholarlydata/person/daniel-herzig,1
51,https://w3id.org/scholarlydata/person/eero-hyvoenen,https://w3id.org/scholarlydata/person/eero-hyvonen,1
52,https://w3id.org/scholarlydata/person/eero-hyvonen,https://w3id.org/scholarlydata/person/eero-hyvoenen,1
53,https://w3id.org/scholarlydata/person/robert-jaeschke,https://w3id.org/scholarlydata/person/robert-jaschke,1
54,https://w3id.org/scholarlydata/person/robert-jaschke,https://w3id.org/scholarlydata/person/robert-jaeschke,1
55,https://w3id.org/scholarlydata/person/makoto-p-kato,https://w3id.org/scholarlydata/person/makotop-kato,1
56,https://w3id.org/scholarlydata/person/makotop-kato,https://w3id.org/scholarlydata/person/makoto-p-kato,1
57,https://w3id.org/scholarlydata/person/hak-kim,https://w3id.org/scholarlydata/person/haklae-kim,1
58,https://w3id.org/scholarlydata/person/haklae-kim,https://w3id.org/scholarlydata/person/hak-kim,1
59,https://w3id.org/scholarlydata/person/craig-a-knoblock,https://w3id.org/scholarlydata/person/craig-knoblock,1
60,https://w3id.org/scholarlydata/person/craig-knoblock,https://w3id.org/scholarlydata/person/craig-a-knoblock,1
61,https://w3id.org/scholarlydata/person/birgitta-koenig-ries,https://w3id.org/scholarlydata/person/birgitta-konig-ries,1
62,https://w3id.org/scholarlydata/person/birgitta-konig-ries,https://w3id.org/scholarlydata/person/birgitta-koenig-ries,1
63,https://w3id.org/scholarlydata/person/markus-kroetzsch,https://w3id.org/scholarlydata/person/markus-krotzsch,1
64,https://w3id.org/scholarlydata/person/markus-krotzsch,https://w3id.org/scholarlydata/person/markus-kroetzsch,1
65,https://w3id.org/scholarlydata/person/luis-a-leiva,https://w3id.org/scholarlydata/person/luisa-leiva,1
66,https://w3id.org/scholarlydata/person/luisa-leiva,https://w3id.org/scholarlydata/person/luis-a-leiva,1
67,https://w3id.org/scholarlydata/person/dave-lewis,https://w3id.org/scholarlydata/person/david-lewis,1
68,https://w3id.org/scholarlydata/person/david-lewis,https://w3id.org/scholarlydata/person/dave-lewis,1
69,https://w3id.org/scholarlydata/person/ryan-n-lichtenwalter,https://w3id.org/scholarlydata/person/ryann-lichtenwalter,1
70,https://w3id.org/scholarlydata/person/ryann-lichtenwalter,https://w3id.org/scholarlydata/person/ryan-n-lichtenwalter,1
71,https://w3id.org/scholarlydata/person/john-mccrae,https://w3id.org/scholarlydata/person/john-p-mccrae,1
72,https://w3id.org/scholarlydata/person/john-mccrae,https://w3id.org/scholarlydata/person/john-p-mccrae,1
73,https://w3id.org/scholarlydata/person/john-p-mccrae,https://w3id.org/scholarlydata/person/john-mccrae,1
74,https://w3id.org/scholarlydata/person/john-p-mccrae,https://w3id.org/scholarlydata/person/john-mccrae,1
75,https://w3id.org/scholarlydata/person/pablo-mendes,https://w3id.org/scholarlydata/person/pablo-n-mendes,1
76,https://w3id.org/scholarlydata/person/pablo-n-mendes,https://w3id.org/scholarlydata/person/pablo-mendes,1
77,https://w3id.org/scholarlydata/person/daniel-miranker,https://w3id.org/scholarlydata/person/daniel-p-miranker,1
78,https://w3id.org/scholarlydata/person/daniel-p-miranker,https://w3id.org/scholarlydata/person/daniel-miranker,1
79,https://w3id.org/scholarlydata/person/dmitry-mouromtsev,https://w3id.org/scholarlydata/person/dmitry-muromtsev,1
80,https://w3id.org/scholarlydata/person/dmitry-muromtsev,https://w3id.org/scholarlydata/person/dmitry-mouromtsev,1
81,https://w3id.org/scholarlydata/person/lyndon-j-b-nixon,https://w3id.org/scholarlydata/person/lyndon-nixon,1
82,https://w3id.org/scholarlydata/person/lyndon-j-b-nixon,https://w3id.org/scholarlydata/person/lyndon-nixon,1
83,https://w3id.org/scholarlydata/person/lyndon-nixon,https://w3id.org/scholarlydata/person/lyndon-j-b-nixon,1
84,https://w3id.org/scholarlydata/person/lyndon-nixon,https://w3id.org/scholarlydata/person/lyndon-j-b-nixon,1
85,https://w3id.org/scholarlydata/person/francesco-nucci,https://w3id.org/scholarlydata/person/francesco-saverio-nucci,1
86,https://w3id.org/scholarlydata/person/francesco-saverio-nucci,https://w3id.org/scholarlydata/person/francesco-nucci,1
87,https://w3id.org/scholarlydata/person/andrea-giovanni-nuzzolese,https://w3id.org/scholarlydata/person/andrea-nuzzolese,1
88,https://w3id.org/scholarlydata/person/andrea-giovanni-nuzzolese,https://w3id.org/scholarlydata/person/andrea-nuzzolese,1
89,https://w3id.org/scholarlydata/person/andrea-nuzzolese,https://w3id.org/scholarlydata/person/andrea-giovanni-nuzzolese,1
90,https://w3id.org/scholarlydata/person/andrea-nuzzolese,https://w3id.org/scholarlydata/person/andrea-giovanni-nuzzolese,1
91,https://w3id.org/scholarlydata/person/p-f-patel-schneider,https://w3id.org/scholarlydata/person/peter-patel-schneider,1
92,https://w3id.org/scholarlydata/person/peter-patel-schneider,https://w3id.org/scholarlydata/person/p-f-patel-schneider,1
93,https://w3id.org/scholarlydata/person/h-sofia-pinto,https://w3id.org/scholarlydata/person/helena-sofia-pinto,1
94,https://w3id.org/scholarlydata/person/h-sofia-pinto,https://w3id.org/scholarlydata/person/helena-sofia-pinto,1
95,https://w3id.org/scholarlydata/person/helena-sofia-pinto,https://w3id.org/scholarlydata/person/h-sofia-pinto,1
96,https://w3id.org/scholarlydata/person/helena-sofia-pinto,https://w3id.org/scholarlydata/person/h-sofia-pinto,1
97,https://w3id.org/scholarlydata/person/valentina-presutti,https://w3id.org/scholarlydata/person/valetina-presutti,1
98,https://w3id.org/scholarlydata/person/valetina-presutti,https://w3id.org/scholarlydata/person/valentina-presutti,1
99,https://w3id.org/scholarlydata/person/raphael-m-reischuk,https://w3id.org/scholarlydata/person/raphaelm-reischuk,1
100,https://w3id.org/scholarlydata/person/raphaelm-reischuk,https://w3id.org/scholarlydata/person/raphael-m-reischuk,1
101,https://w3id.org/scholarlydata/person/bene-rodriguez-castro,https://w3id.org/scholarlydata/person/benedicto-rodriguez,1
102,https://w3id.org/scholarlydata/person/benedicto-rodriguez,https://w3id.org/scholarlydata/person/bene-rodriguez-castro,1
103,https://w3id.org/scholarlydata/person/uli-sattler,https://w3id.org/scholarlydata/person/ulrike-sattler,1
104,https://w3id.org/scholarlydata/person/ulrike-sattler,https://w3id.org/scholarlydata/person/uli-sattler,1
105,https://w3id.org/scholarlydata/person/juan-f-sequeda,https://w3id.org/scholarlydata/person/juanf-sequeda,1
106,https://w3id.org/scholarlydata/person/juan-f-sequeda,https://w3id.org/scholarlydata/person/juanf-sequeda,1
107,https://w3id.org/scholarlydata/person/juanf-sequeda,https://w3id.org/scholarlydata/person/juan-f-sequeda,1
108,https://w3id.org/scholarlydata/person/juanf-sequeda,https://w3id.org/scholarlydata/person/juan-f-sequeda,1
109,https://w3id.org/scholarlydata/person/baris-sertkaya,https://w3id.org/scholarlydata/person/s-sertkaya,1
110,https://w3id.org/scholarlydata/person/baris-sertkaya,https://w3id.org/scholarlydata/person/s-sertkaya,1
111,https://w3id.org/scholarlydata/person/s-sertkaya,https://w3id.org/scholarlydata/person/baris-sertkaya,1
112,https://w3id.org/scholarlydata/person/s-sertkaya,https://w3id.org/scholarlydata/person/baris-sertkaya,1
113,https://w3id.org/scholarlydata/person/nigel-r-shadbolt,https://w3id.org/scholarlydata/person/nigel-shadbolt,1
114,https://w3id.org/scholarlydata/person/nigel-shadbolt,https://w3id.org/scholarlydata/person/nigel-r-shadbolt,1
115,https://w3id.org/scholarlydata/person/elena-paslaru-bontas-simperl,https://w3id.org/scholarlydata/person/elena-simperl,1
116,https://w3id.org/scholarlydata/person/elena-simperl,https://w3id.org/scholarlydata/person/elena-paslaru-bontas-simperl,1
117,https://w3id.org/scholarlydata/person/l-v-subramaniam,https://w3id.org/scholarlydata/person/l-venkata-subramaniam,1
118,https://w3id.org/scholarlydata/person/l-v-subramaniam,https://w3id.org/scholarlydata/person/l-venkata-subramaniam,1
119,https://w3id.org/scholarlydata/person/l-venkata-subramaniam,https://w3id.org/scholarlydata/person/l-v-subramaniam,1
120,https://w3id.org/scholarlydata/person/l-venkata-subramaniam,https://w3id.org/scholarlydata/person/l-v-subramaniam,1
121,https://w3id.org/scholarlydata/person/fabian-m-suchanek,https://w3id.org/scholarlydata/person/fabian-suchanek,1
122,https://w3id.org/scholarlydata/person/fabian-m-suchanek,https://w3id.org/scholarlydata/person/fabian-suchanek,1
123,https://w3id.org/scholarlydata/person/fabian-m-suchanek,https://w3id.org/scholarlydata/person/fabianm-suchanek,1
124,https://w3id.org/scholarlydata/person/fabian-m-suchanek,https://w3id.org/scholarlydata/person/fabianm-suchanek,1
125,https://w3id.org/scholarlydata/person/fabian-suchanek,https://w3id.org/scholarlydata/person/fabian-m-suchanek,1
126,https://w3id.org/scholarlydata/person/fabian-suchanek,https://w3id.org/scholarlydata/person/fabian-m-suchanek,1
127,https://w3id.org/scholarlydata/person/fabian-suchanek,https://w3id.org/scholarlydata/person/fabianm-suchanek,1
128,https://w3id.org/scholarlydata/person/fabianm-suchanek,https://w3id.org/scholarlydata/person/fabian-m-suchanek,1
129,https://w3id.org/scholarlydata/person/fabianm-suchanek,https://w3id.org/scholarlydata/person/fabian-m-suchanek,1
130,https://w3id.org/scholarlydata/person/fabianm-suchanek,https://w3id.org/scholarlydata/person/fabian-suchanek,1
131,https://w3id.org/scholarlydata/person/krysta-m-svore,https://w3id.org/scholarlydata/person/krysta-svore,1
132,https://w3id.org/scholarlydata/person/krysta-m-svore,https://w3id.org/scholarlydata/person/krysta-svore,1
133,https://w3id.org/scholarlydata/person/krysta-svore,https://w3id.org/scholarlydata/person/krysta-m-svore,1
134,https://w3id.org/scholarlydata/person/krysta-svore,https://w3id.org/scholarlydata/person/krysta-m-svore,1
135,https://w3id.org/scholarlydata/person/juergen-umbrich,https://w3id.org/scholarlydata/person/jurgen-umbrich,1
136,https://w3id.org/scholarlydata/person/jurgen-umbrich,https://w3id.org/scholarlydata/person/juergen-umbrich,1
137,https://w3id.org/scholarlydata/person/alejandro-a-vaisman,https://w3id.org/scholarlydata/person/alejandro-vaisman,1
138,https://w3id.org/scholarlydata/person/alejandro-vaisman,https://w3id.org/scholarlydata/person/alejandro-a-vaisman,1
139,https://w3id.org/scholarlydata/person/willem-robert-van-hage,https://w3id.org/scholarlydata/person/willem-van-hage,1
140,https://w3id.org/scholarlydata/person/willem-robert-van-hage,https://w3id.org/scholarlydata/person/willem-van-hage,1
141,https://w3id.org/scholarlydata/person/willem-van-hage,https://w3id.org/scholarlydata/person/willem-robert-van-hage,1
142,https://w3id.org/scholarlydata/person/willem-van-hage,https://w3id.org/scholarlydata/person/willem-robert-van-hage,1
143,https://w3id.org/scholarlydata/person/johanna-voelker,https://w3id.org/scholarlydata/person/johanna-volker,1
144,https://w3id.org/scholarlydata/person/johanna-volker,https://w3id.org/scholarlydata/person/johanna-voelker,1
145,https://w3id.org/scholarlydata/person/ryen-w-white,https://w3id.org/scholarlydata/person/ryen-white,1
146,https://w3id.org/scholarlydata/person/ryen-white,https://w3id.org/scholarlydata/person/ryen-w-white,1
147,https://w3id.org/scholarlydata/person/p-t-wood,https://w3id.org/scholarlydata/person/peter-wood,1
148,https://w3id.org/scholarlydata/person/peter-wood,https://w3id.org/scholarlydata/person/p-t-wood,1
149,https://w3id.org/scholarlydata/person/deepak-agarwal,https://w3id.org/scholarlydata/person/sudhir-agarwal,0
150,https://w3id.org/scholarlydata/person/sudhir-agarwal,https://w3id.org/scholarlydata/person/deepak-agarwal,0
151,https://w3id.org/scholarlydata/person/charu-aggarwal,https://w3id.org/scholarlydata/person/gaurav-aggarwal,0
152,https://w3id.org/scholarlydata/person/gaurav-aggarwal,https://w3id.org/scholarlydata/person/charu-aggarwal,0
153,https://w3id.org/scholarlydata/person/mary-allen,https://w3id.org/scholarlydata/person/rachel-allen,0
154,https://w3id.org/scholarlydata/person/rachel-allen,https://w3id.org/scholarlydata/person/mary-allen,0
155,https://w3id.org/scholarlydata/person/gregoris-antoniou,https://w3id.org/scholarlydata/person/ioannis-antoniou,0
156,https://w3id.org/scholarlydata/person/grigoris-antoniou,https://w3id.org/scholarlydata/person/ioannis-antoniou,0
157,https://w3id.org/scholarlydata/person/grigoris-antoniou,https://w3id.org/scholarlydata/person/ioannis-antoniou,0
158,https://w3id.org/scholarlydata/person/ioannis-antoniou,https://w3id.org/scholarlydata/person/gregoris-antoniou,0
159,https://w3id.org/scholarlydata/person/ioannis-antoniou,https://w3id.org/scholarlydata/person/grigoris-antoniou,0
160,https://w3id.org/scholarlydata/person/ioannis-antoniou,https://w3id.org/scholarlydata/person/grigoris-antoniou,0
161,https://w3id.org/scholarlydata/person/jie-bao,https://w3id.org/scholarlydata/person/shenghua-bao,0
162,https://w3id.org/scholarlydata/person/shenghua-bao,https://w3id.org/scholarlydata/person/jie-bao,0
163,https://w3id.org/scholarlydata/person/bernhard-bauer,https://w3id.org/scholarlydata/person/matthias-bauer,0
164,https://w3id.org/scholarlydata/person/matthias-bauer,https://w3id.org/scholarlydata/person/bernhard-bauer,0
165,https://w3id.org/scholarlydata/person/christian-becker,https://w3id.org/scholarlydata/person/hila-becker,0
166,https://w3id.org/scholarlydata/person/hila-becker,https://w3id.org/scholarlydata/person/christian-becker,0
167,https://w3id.org/scholarlydata/person/antonis-bikakis,https://w3id.org/scholarlydata/person/nikos-bikakis,0
168,https://w3id.org/scholarlydata/person/nikos-bikakis,https://w3id.org/scholarlydata/person/antonis-bikakis,0
169,https://w3id.org/scholarlydata/person/guillaume-blin,https://w3id.org/scholarlydata/person/romain-blin,0
170,https://w3id.org/scholarlydata/person/romain-blin,https://w3id.org/scholarlydata/person/guillaume-blin,0
171,https://w3id.org/scholarlydata/person/deng-cai,https://w3id.org/scholarlydata/person/rui-cai,0
172,https://w3id.org/scholarlydata/person/rui-cai,https://w3id.org/scholarlydata/person/deng-cai,0
173,https://w3id.org/scholarlydata/person/maria-luiza-campos,https://w3id.org/scholarlydata/person/ricardo-campos,0
174,https://w3id.org/scholarlydata/person/ricardo-campos,https://w3id.org/scholarlydata/person/maria-luiza-campos,0
175,https://w3id.org/scholarlydata/person/carlos-castillo,https://w3id.org/scholarlydata/person/simon-castillo,0
176,https://w3id.org/scholarlydata/person/simon-castillo,https://w3id.org/scholarlydata/person/carlos-castillo,0
177,https://w3id.org/scholarlydata/person/harold-castro,https://w3id.org/scholarlydata/person/joao-castro,0
178,https://w3id.org/scholarlydata/person/joao-castro,https://w3id.org/scholarlydata/person/harold-castro,0
179,https://w3id.org/scholarlydata/person/deepayan-chakrabarti,https://w3id.org/scholarlydata/person/kaushik-chakrabarti,0
180,https://w3id.org/scholarlydata/person/deepayan-chakrabarti,https://w3id.org/scholarlydata/person/soumen-chakrabarti,0
181,https://w3id.org/scholarlydata/person/kaushik-chakrabarti,https://w3id.org/scholarlydata/person/deepayan-chakrabarti,0
182,https://w3id.org/scholarlydata/person/kaushik-chakrabarti,https://w3id.org/scholarlydata/person/soumen-chakrabarti,0
183,https://w3id.org/scholarlydata/person/soumen-chakrabarti,https://w3id.org/scholarlydata/person/deepayan-chakrabarti,0
184,https://w3id.org/scholarlydata/person/soumen-chakrabarti,https://w3id.org/scholarlydata/person/kaushik-chakrabarti,0
185,https://w3id.org/scholarlydata/person/eric-charlton,https://w3id.org/scholarlydata/person/stuart-charlton,0
186,https://w3id.org/scholarlydata/person/stuart-charlton,https://w3id.org/scholarlydata/person/eric-charlton,0
187,https://w3id.org/scholarlydata/person/ed-h-chi,https://w3id.org/scholarlydata/person/yun-chi,0
188,https://w3id.org/scholarlydata/person/yun-chi,https://w3id.org/scholarlydata/person/ed-h-chi,0
189,https://w3id.org/scholarlydata/person/ryan-h-choi,https://w3id.org/scholarlydata/person/yejin-choi,0
190,https://w3id.org/scholarlydata/person/yejin-choi,https://w3id.org/scholarlydata/person/ryan-h-choi,0
191,https://w3id.org/scholarlydata/person/chin-wan-chung,https://w3id.org/scholarlydata/person/jay-kuan-chieh-chung,0
192,https://w3id.org/scholarlydata/person/jay-kuan-chieh-chung,https://w3id.org/scholarlydata/person/chin-wan-chung,0
193,https://w3id.org/scholarlydata/person/kendall-clark,https://w3id.org/scholarlydata/person/lin-clark,0
194,https://w3id.org/scholarlydata/person/kendall-clark,https://w3id.org/scholarlydata/person/stephen-clark,0
195,https://w3id.org/scholarlydata/person/lin-clark,https://w3id.org/scholarlydata/person/kendall-clark,0
196,https://w3id.org/scholarlydata/person/lin-clark,https://w3id.org/scholarlydata/person/stephen-clark,0
197,https://w3id.org/scholarlydata/person/stephen-clark,https://w3id.org/scholarlydata/person/kendall-clark,0
198,https://w3id.org/scholarlydata/person/stephen-clark,https://w3id.org/scholarlydata/person/lin-clark,0
199,https://w3id.org/scholarlydata/person/charles-clarke,https://w3id.org/scholarlydata/person/chris-clarke,0
200,https://w3id.org/scholarlydata/person/chris-clarke,https://w3id.org/scholarlydata/person/charles-clarke,0
201,https://w3id.org/scholarlydata/person/danilo-croce,https://w3id.org/scholarlydata/person/vincenzo-croce,0
202,https://w3id.org/scholarlydata/person/vincenzo-croce,https://w3id.org/scholarlydata/person/danilo-croce,0
203,https://w3id.org/scholarlydata/person/anish-das-sarma,https://w3id.org/scholarlydata/person/atish-das-sarma,0
204,https://w3id.org/scholarlydata/person/atish-das-sarma,https://w3id.org/scholarlydata/person/anish-das-sarma,0
205,https://w3id.org/scholarlydata/person/brian-davis,https://w3id.org/scholarlydata/person/cornelia-davis,0
206,https://w3id.org/scholarlydata/person/brian-davis,https://w3id.org/scholarlydata/person/hugh-c-davis,0
207,https://w3id.org/scholarlydata/person/brian-davis,https://w3id.org/scholarlydata/person/joseph-davis,0
208,https://w3id.org/scholarlydata/person/cornelia-davis,https://w3id.org/scholarlydata/person/brian-davis,0
209,https://w3id.org/scholarlydata/person/cornelia-davis,https://w3id.org/scholarlydata/person/hugh-c-davis,0
210,https://w3id.org/scholarlydata/person/cornelia-davis,https://w3id.org/scholarlydata/person/joseph-davis,0
211,https://w3id.org/scholarlydata/person/hugh-c-davis,https://w3id.org/scholarlydata/person/brian-davis,0
212,https://w3id.org/scholarlydata/person/hugh-c-davis,https://w3id.org/scholarlydata/person/cornelia-davis,0
213,https://w3id.org/scholarlydata/person/hugh-c-davis,https://w3id.org/scholarlydata/person/joseph-davis,0
214,https://w3id.org/scholarlydata/person/joseph-davis,https://w3id.org/scholarlydata/person/brian-davis,0
215,https://w3id.org/scholarlydata/person/joseph-davis,https://w3id.org/scholarlydata/person/cornelia-davis,0
216,https://w3id.org/scholarlydata/person/joseph-davis,https://w3id.org/scholarlydata/person/hugh-c-davis,0
217,https://w3id.org/scholarlydata/person/hendrik-decker,https://w3id.org/scholarlydata/person/stefan-decker,0
218,https://w3id.org/scholarlydata/person/stefan-decker,https://w3id.org/scholarlydata/person/hendrik-decker,0
219,https://w3id.org/scholarlydata/person/alicia-diaz,https://w3id.org/scholarlydata/person/fernando-diaz,0
220,https://w3id.org/scholarlydata/person/alicia-diaz,https://w3id.org/scholarlydata/person/oscar-diaz,0
221,https://w3id.org/scholarlydata/person/fernando-diaz,https://w3id.org/scholarlydata/person/alicia-diaz,0
222,https://w3id.org/scholarlydata/person/fernando-diaz,https://w3id.org/scholarlydata/person/oscar-diaz,0
223,https://w3id.org/scholarlydata/person/oscar-diaz,https://w3id.org/scholarlydata/person/alicia-diaz,0
224,https://w3id.org/scholarlydata/person/oscar-diaz,https://w3id.org/scholarlydata/person/fernando-diaz,0
225,https://w3id.org/scholarlydata/person/li-ding,https://w3id.org/scholarlydata/person/ying-ding,0
226,https://w3id.org/scholarlydata/person/ying-ding,https://w3id.org/scholarlydata/person/li-ding,0
227,https://w3id.org/scholarlydata/person/alan-dix,https://w3id.org/scholarlydata/person/juergen-dix,0
228,https://w3id.org/scholarlydata/person/alan-dix,https://w3id.org/scholarlydata/person/juergen-dix,0
229,https://w3id.org/scholarlydata/person/juergen-dix,https://w3id.org/scholarlydata/person/alan-dix,0
230,https://w3id.org/scholarlydata/person/juergen-dix,https://w3id.org/scholarlydata/person/alan-dix,0
231,https://w3id.org/scholarlydata/person/anlei-dong,https://w3id.org/scholarlydata/person/guozhu-dong,0
232,https://w3id.org/scholarlydata/person/guozhu-dong,https://w3id.org/scholarlydata/person/anlei-dong,0
233,https://w3id.org/scholarlydata/person/pavlos-fafalios,https://w3id.org/scholarlydata/person/petros-fafalios,0
234,https://w3id.org/scholarlydata/person/petros-fafalios,https://w3id.org/scholarlydata/person/pavlos-fafalios,0
235,https://w3id.org/scholarlydata/person/james-fan,https://w3id.org/scholarlydata/person/wei-fan,0
236,https://w3id.org/scholarlydata/person/james-fan,https://w3id.org/scholarlydata/person/xin-fan,0
237,https://w3id.org/scholarlydata/person/wei-fan,https://w3id.org/scholarlydata/person/james-fan,0
238,https://w3id.org/scholarlydata/person/wei-fan,https://w3id.org/scholarlydata/person/xin-fan,0
239,https://w3id.org/scholarlydata/person/xin-fan,https://w3id.org/scholarlydata/person/james-fan,0
240,https://w3id.org/scholarlydata/person/xin-fan,https://w3id.org/scholarlydata/person/wei-fan,0
241,https://w3id.org/scholarlydata/person/anna-fensel,https://w3id.org/scholarlydata/person/dieter-fensel,0
242,https://w3id.org/scholarlydata/person/dieter-fensel,https://w3id.org/scholarlydata/person/anna-fensel,0
243,https://w3id.org/scholarlydata/person/javierd-fernandez,https://w3id.org/scholarlydata/person/manuel-fernandez,0
244,https://w3id.org/scholarlydata/person/javierd-fernandez,https://w3id.org/scholarlydata/person/miriam-fernandez,0
245,https://w3id.org/scholarlydata/person/manuel-fernandez,https://w3id.org/scholarlydata/person/javierd-fernandez,0
246,https://w3id.org/scholarlydata/person/manuel-fernandez,https://w3id.org/scholarlydata/person/miriam-fernandez,0
247,https://w3id.org/scholarlydata/person/miriam-fernandez,https://w3id.org/scholarlydata/person/javierd-fernandez,0
248,https://w3id.org/scholarlydata/person/miriam-fernandez,https://w3id.org/scholarlydata/person/manuel-fernandez,0
249,https://w3id.org/scholarlydata/person/eleanor-fink,https://w3id.org/scholarlydata/person/michael-fink,0
250,https://w3id.org/scholarlydata/person/eleanor-fink,https://w3id.org/scholarlydata/person/michael-fink,0
251,https://w3id.org/scholarlydata/person/michael-fink,https://w3id.org/scholarlydata/person/eleanor-fink,0
252,https://w3id.org/scholarlydata/person/michael-fink,https://w3id.org/scholarlydata/person/eleanor-fink,0
253,https://w3id.org/scholarlydata/person/peter-fischer,https://w3id.org/scholarlydata/person/simon-fischer,0
254,https://w3id.org/scholarlydata/person/simon-fischer,https://w3id.org/scholarlydata/person/peter-fischer,0
255,https://w3id.org/scholarlydata/person/george-h-l-fletcher,https://w3id.org/scholarlydata/person/william-fletcher,0
256,https://w3id.org/scholarlydata/person/william-fletcher,https://w3id.org/scholarlydata/person/george-h-l-fletcher,0
257,https://w3id.org/scholarlydata/person/brendan-fong,https://w3id.org/scholarlydata/person/calvin-fong,0
258,https://w3id.org/scholarlydata/person/calvin-fong,https://w3id.org/scholarlydata/person/brendan-fong,0
259,https://w3id.org/scholarlydata/person/blaz-fortuna,https://w3id.org/scholarlydata/person/carolina-fortuna,0
260,https://w3id.org/scholarlydata/person/blaz-fortuna,https://w3id.org/scholarlydata/person/carolina-fortuna,0
261,https://w3id.org/scholarlydata/person/carolina-fortuna,https://w3id.org/scholarlydata/person/blaz-fortuna,0
262,https://w3id.org/scholarlydata/person/carolina-fortuna,https://w3id.org/scholarlydata/person/blaz-fortuna,0
263,https://w3id.org/scholarlydata/person/dayne-freitag,https://w3id.org/scholarlydata/person/markus-freitag,0
264,https://w3id.org/scholarlydata/person/markus-freitag,https://w3id.org/scholarlydata/person/dayne-freitag,0
265,https://w3id.org/scholarlydata/person/andre-freitas,https://w3id.org/scholarlydata/person/fred-freitas,0
266,https://w3id.org/scholarlydata/person/andre-freitas,https://w3id.org/scholarlydata/person/fred-freitas,0
267,https://w3id.org/scholarlydata/person/fred-freitas,https://w3id.org/scholarlydata/person/andre-freitas,0
268,https://w3id.org/scholarlydata/person/fred-freitas,https://w3id.org/scholarlydata/person/andre-freitas,0
269,https://w3id.org/scholarlydata/person/bo-fu,https://w3id.org/scholarlydata/person/linyun-fu,0
270,https://w3id.org/scholarlydata/person/linyun-fu,https://w3id.org/scholarlydata/person/bo-fu,0
271,https://w3id.org/scholarlydata/person/jose-maria-garcia,https://w3id.org/scholarlydata/person/juan-a-recio-garcia,0
272,https://w3id.org/scholarlydata/person/jose-maria-garcia,https://w3id.org/scholarlydata/person/roberto-garcia,0
273,https://w3id.org/scholarlydata/person/juan-a-recio-garcia,https://w3id.org/scholarlydata/person/jose-maria-garcia,0
274,https://w3id.org/scholarlydata/person/juan-a-recio-garcia,https://w3id.org/scholarlydata/person/roberto-garcia,0
275,https://w3id.org/scholarlydata/person/roberto-garcia,https://w3id.org/scholarlydata/person/jose-maria-garcia,0
276,https://w3id.org/scholarlydata/person/roberto-garcia,https://w3id.org/scholarlydata/person/juan-a-recio-garcia,0
277,https://w3id.org/scholarlydata/person/alexandre-gerber,https://w3id.org/scholarlydata/person/daniel-gerber,0
278,https://w3id.org/scholarlydata/person/daniel-gerber,https://w3id.org/scholarlydata/person/alexandre-gerber,0
279,https://w3id.org/scholarlydata/person/arpita-ghosh,https://w3id.org/scholarlydata/person/saptarshi-ghosh,0
280,https://w3id.org/scholarlydata/person/saptarshi-ghosh,https://w3id.org/scholarlydata/person/arpita-ghosh,0
281,https://w3id.org/scholarlydata/person/aman-goel,https://w3id.org/scholarlydata/person/ashish-goel,0
282,https://w3id.org/scholarlydata/person/aman-goel,https://w3id.org/scholarlydata/person/sharad-goel,0
283,https://w3id.org/scholarlydata/person/ashish-goel,https://w3id.org/scholarlydata/person/aman-goel,0
284,https://w3id.org/scholarlydata/person/ashish-goel,https://w3id.org/scholarlydata/person/sharad-goel,0
285,https://w3id.org/scholarlydata/person/sharad-goel,https://w3id.org/scholarlydata/person/aman-goel,0
286,https://w3id.org/scholarlydata/person/sharad-goel,https://w3id.org/scholarlydata/person/ashish-goel,0
287,https://w3id.org/scholarlydata/person/asuncion-gomez-perez,https://w3id.org/scholarlydata/person/jose-manuel-gomez-perez,0
288,https://w3id.org/scholarlydata/person/asuncion-gomez-perez,https://w3id.org/scholarlydata/person/jose-manuel-gomez-perez,0
289,https://w3id.org/scholarlydata/person/asuncion-gomez-perez,https://w3id.org/scholarlydata/person/jose-manuel-gomez-perez,0
290,https://w3id.org/scholarlydata/person/asuncion-gomez-perez,https://w3id.org/scholarlydata/person/jose-manuel-gomez-perez,0
291,https://w3id.org/scholarlydata/person/jose-manuel-gomez-perez,https://w3id.org/scholarlydata/person/asuncion-gomez-perez,0
292,https://w3id.org/scholarlydata/person/jose-manuel-gomez-perez,https://w3id.org/scholarlydata/person/asuncion-gomez-perez,0
293,https://w3id.org/scholarlydata/person/jose-manuel-gomez-perez,https://w3id.org/scholarlydata/person/asuncion-gomez-perez,0
294,https://w3id.org/scholarlydata/person/jose-manuel-gomez-perez,https://w3id.org/scholarlydata/person/asuncion-gomez-perez,0
295,https://w3id.org/scholarlydata/person/bruno-goncalves,https://w3id.org/scholarlydata/person/marcos-goncalves,0
296,https://w3id.org/scholarlydata/person/marcos-goncalves,https://w3id.org/scholarlydata/person/bruno-goncalves,0
297,https://w3id.org/scholarlydata/person/christian-gottron,https://w3id.org/scholarlydata/person/thomas-gottron,0
298,https://w3id.org/scholarlydata/person/thomas-gottron,https://w3id.org/scholarlydata/person/christian-gottron,0
299,https://w3id.org/scholarlydata/person/paul-grimm,https://w3id.org/scholarlydata/person/ruediger-grimm,0
300,https://w3id.org/scholarlydata/person/paul-grimm,https://w3id.org/scholarlydata/person/stephan-grimm,0
301,https://w3id.org/scholarlydata/person/ruediger-grimm,https://w3id.org/scholarlydata/person/paul-grimm,0
302,https://w3id.org/scholarlydata/person/ruediger-grimm,https://w3id.org/scholarlydata/person/stephan-grimm,0
303,https://w3id.org/scholarlydata/person/stephan-grimm,https://w3id.org/scholarlydata/person/paul-grimm,0
304,https://w3id.org/scholarlydata/person/stephan-grimm,https://w3id.org/scholarlydata/person/ruediger-grimm,0
305,https://w3id.org/scholarlydata/person/guofei-gu,https://w3id.org/scholarlydata/person/haijie-gu,0
306,https://w3id.org/scholarlydata/person/haijie-gu,https://w3id.org/scholarlydata/person/guofei-gu,0
307,https://w3id.org/scholarlydata/person/claudio-gutierrez,https://w3id.org/scholarlydata/person/miguel-esteban-gutierrez,0
308,https://w3id.org/scholarlydata/person/miguel-esteban-gutierrez,https://w3id.org/scholarlydata/person/claudio-gutierrez,0
309,https://w3id.org/scholarlydata/person/mark-hall,https://w3id.org/scholarlydata/person/wendy-hall,0
310,https://w3id.org/scholarlydata/person/wendy-hall,https://w3id.org/scholarlydata/person/mark-hall,0
311,https://w3id.org/scholarlydata/person/dingyi-han,https://w3id.org/scholarlydata/person/jiawei-han,0
312,https://w3id.org/scholarlydata/person/dingyi-han,https://w3id.org/scholarlydata/person/wook-shin-han,0
313,https://w3id.org/scholarlydata/person/jiawei-han,https://w3id.org/scholarlydata/person/dingyi-han,0
314,https://w3id.org/scholarlydata/person/jiawei-han,https://w3id.org/scholarlydata/person/wook-shin-han,0
315,https://w3id.org/scholarlydata/person/wook-shin-han,https://w3id.org/scholarlydata/person/dingyi-han,0
316,https://w3id.org/scholarlydata/person/wook-shin-han,https://w3id.org/scholarlydata/person/jiawei-han,0
317,https://w3id.org/scholarlydata/person/geert-jan-houben,https://w3id.org/scholarlydata/person/romee-houben,0
318,https://w3id.org/scholarlydata/person/geert-jan-houben,https://w3id.org/scholarlydata/person/romee-houben,0
319,https://w3id.org/scholarlydata/person/romee-houben,https://w3id.org/scholarlydata/person/geert-jan-houben,0
320,https://w3id.org/scholarlydata/person/romee-houben,https://w3id.org/scholarlydata/person/geert-jan-houben,0
321,https://w3id.org/scholarlydata/person/beibei-hu,https://w3id.org/scholarlydata/person/xia-hu,0
322,https://w3id.org/scholarlydata/person/beibei-hu,https://w3id.org/scholarlydata/person/yunhua-hu,0
323,https://w3id.org/scholarlydata/person/wei-hu,https://w3id.org/scholarlydata/person/beibei-hu,0
324,https://w3id.org/scholarlydata/person/wei-hu,https://w3id.org/scholarlydata/person/xia-hu,0
325,https://w3id.org/scholarlydata/person/wei-hu,https://w3id.org/scholarlydata/person/yunhua-hu,0
326,https://w3id.org/scholarlydata/person/xia-hu,https://w3id.org/scholarlydata/person/beibei-hu,0
327,https://w3id.org/scholarlydata/person/xia-hu,https://w3id.org/scholarlydata/person/wei-hu,0
328,https://w3id.org/scholarlydata/person/xia-hu,https://w3id.org/scholarlydata/person/yunhua-hu,0
329,https://w3id.org/scholarlydata/person/yunhua-hu,https://w3id.org/scholarlydata/person/beibei-hu,0
330,https://w3id.org/scholarlydata/person/yunhua-hu,https://w3id.org/scholarlydata/person/wei-hu,0
331,https://w3id.org/scholarlydata/person/yunhua-hu,https://w3id.org/scholarlydata/person/xia-hu,0
332,https://w3id.org/scholarlydata/person/carlos-a-iglesias,https://w3id.org/scholarlydata/person/miguel-iglesias,0
333,https://w3id.org/scholarlydata/person/miguel-iglesias,https://w3id.org/scholarlydata/person/carlos-a-iglesias,0
334,https://w3id.org/scholarlydata/person/frederik-janssen,https://w3id.org/scholarlydata/person/jeroen-janssen,0
335,https://w3id.org/scholarlydata/person/jeroen-janssen,https://w3id.org/scholarlydata/person/frederik-janssen,0
336,https://w3id.org/scholarlydata/person/caroline-jay,https://w3id.org/scholarlydata/person/nicolas-jay,0
337,https://w3id.org/scholarlydata/person/nicolas-jay,https://w3id.org/scholarlydata/person/caroline-jay,0
338,https://w3id.org/scholarlydata/person/daxin-jiang,https://w3id.org/scholarlydata/person/guoqian-jiang,0
339,https://w3id.org/scholarlydata/person/daxin-jiang,https://w3id.org/scholarlydata/person/jing-jiang,0
340,https://w3id.org/scholarlydata/person/daxin-jiang,https://w3id.org/scholarlydata/person/jingtian-jiang,0
341,https://w3id.org/scholarlydata/person/daxin-jiang,https://w3id.org/scholarlydata/person/xueyan-jiang,0
342,https://w3id.org/scholarlydata/person/daxin-jiang,https://w3id.org/scholarlydata/person/xuxian-jiang,0
343,https://w3id.org/scholarlydata/person/guoqian-jiang,https://w3id.org/scholarlydata/person/daxin-jiang,0
344,https://w3id.org/scholarlydata/person/guoqian-jiang,https://w3id.org/scholarlydata/person/jing-jiang,0
345,https://w3id.org/scholarlydata/person/guoqian-jiang,https://w3id.org/scholarlydata/person/jingtian-jiang,0
346,https://w3id.org/scholarlydata/person/guoqian-jiang,https://w3id.org/scholarlydata/person/xueyan-jiang,0
347,https://w3id.org/scholarlydata/person/guoqian-jiang,https://w3id.org/scholarlydata/person/xuxian-jiang,0
348,https://w3id.org/scholarlydata/person/jing-jiang,https://w3id.org/scholarlydata/person/daxin-jiang,0
349,https://w3id.org/scholarlydata/person/jing-jiang,https://w3id.org/scholarlydata/person/guoqian-jiang,0
350,https://w3id.org/scholarlydata/person/jing-jiang,https://w3id.org/scholarlydata/person/jingtian-jiang,0
351,https://w3id.org/scholarlydata/person/jing-jiang,https://w3id.org/scholarlydata/person/xueyan-jiang,0
352,https://w3id.org/scholarlydata/person/jing-jiang,https://w3id.org/scholarlydata/person/xuxian-jiang,0
353,https://w3id.org/scholarlydata/person/jingtian-jiang,https://w3id.org/scholarlydata/person/daxin-jiang,0
354,https://w3id.org/scholarlydata/person/jingtian-jiang,https://w3id.org/scholarlydata/person/guoqian-jiang,0
355,https://w3id.org/scholarlydata/person/jingtian-jiang,https://w3id.org/scholarlydata/person/jing-jiang,0
356,https://w3id.org/scholarlydata/person/jingtian-jiang,https://w3id.org/scholarlydata/person/xueyan-jiang,0
357,https://w3id.org/scholarlydata/person/jingtian-jiang,https://w3id.org/scholarlydata/person/xuxian-jiang,0
358,https://w3id.org/scholarlydata/person/xueyan-jiang,https://w3id.org/scholarlydata/person/daxin-jiang,0
359,https://w3id.org/scholarlydata/person/xueyan-jiang,https://w3id.org/scholarlydata/person/guoqian-jiang,0
360,https://w3id.org/scholarlydata/person/xueyan-jiang,https://w3id.org/scholarlydata/person/jing-jiang,0
361,https://w3id.org/scholarlydata/person/xueyan-jiang,https://w3id.org/scholarlydata/person/jingtian-jiang,0
362,https://w3id.org/scholarlydata/person/xueyan-jiang,https://w3id.org/scholarlydata/person/xuxian-jiang,0
363,https://w3id.org/scholarlydata/person/xuxian-jiang,https://w3id.org/scholarlydata/person/daxin-jiang,0
364,https://w3id.org/scholarlydata/person/xuxian-jiang,https://w3id.org/scholarlydata/person/guoqian-jiang,0
365,https://w3id.org/scholarlydata/person/xuxian-jiang,https://w3id.org/scholarlydata/person/jing-jiang,0
366,https://w3id.org/scholarlydata/person/xuxian-jiang,https://w3id.org/scholarlydata/person/jingtian-jiang,0
367,https://w3id.org/scholarlydata/person/xuxian-jiang,https://w3id.org/scholarlydata/person/xueyan-jiang,0
368,https://w3id.org/scholarlydata/person/gareth-jones,https://w3id.org/scholarlydata/person/marggie-jones,0
369,https://w3id.org/scholarlydata/person/marggie-jones,https://w3id.org/scholarlydata/person/gareth-jones,0
370,https://w3id.org/scholarlydata/person/katrin-jordan,https://w3id.org/scholarlydata/person/patrick-jordan,0
371,https://w3id.org/scholarlydata/person/patrick-jordan,https://w3id.org/scholarlydata/person/katrin-jordan,0
372,https://w3id.org/scholarlydata/person/amit-joshi,https://w3id.org/scholarlydata/person/parag-joshi,0
373,https://w3id.org/scholarlydata/person/parag-joshi,https://w3id.org/scholarlydata/person/amit-joshi,0
374,https://w3id.org/scholarlydata/person/jaewoo-kang,https://w3id.org/scholarlydata/person/jeon-hyung-kang,0
375,https://w3id.org/scholarlydata/person/jeon-hyung-kang,https://w3id.org/scholarlydata/person/jaewoo-kang,0
376,https://w3id.org/scholarlydata/person/ayumi-kato,https://w3id.org/scholarlydata/person/makoto-p-kato,0
377,https://w3id.org/scholarlydata/person/ayumi-kato,https://w3id.org/scholarlydata/person/makotop-kato,0
378,https://w3id.org/scholarlydata/person/makoto-p-kato,https://w3id.org/scholarlydata/person/ayumi-kato,0
379,https://w3id.org/scholarlydata/person/makotop-kato,https://w3id.org/scholarlydata/person/ayumi-kato,0
380,https://w3id.org/scholarlydata/person/dan-kifer,https://w3id.org/scholarlydata/person/michael-kifer,0
381,https://w3id.org/scholarlydata/person/michael-kifer,https://w3id.org/scholarlydata/person/dan-kifer,0
382,https://w3id.org/scholarlydata/person/hak-kim,https://w3id.org/scholarlydata/person/hyunsun-kim,0
383,https://w3id.org/scholarlydata/person/hak-kim,https://w3id.org/scholarlydata/person/su-myeon-kim,0
384,https://w3id.org/scholarlydata/person/hak-kim,https://w3id.org/scholarlydata/person/su-nam-kim,0
385,https://w3id.org/scholarlydata/person/haklae-kim,https://w3id.org/scholarlydata/person/hyunsun-kim,0
386,https://w3id.org/scholarlydata/person/haklae-kim,https://w3id.org/scholarlydata/person/su-myeon-kim,0
387,https://w3id.org/scholarlydata/person/haklae-kim,https://w3id.org/scholarlydata/person/su-nam-kim,0
388,https://w3id.org/scholarlydata/person/hyunsun-kim,https://w3id.org/scholarlydata/person/hak-kim,0
389,https://w3id.org/scholarlydata/person/hyunsun-kim,https://w3id.org/scholarlydata/person/haklae-kim,0
390,https://w3id.org/scholarlydata/person/hyunsun-kim,https://w3id.org/scholarlydata/person/su-myeon-kim,0
391,https://w3id.org/scholarlydata/person/hyunsun-kim,https://w3id.org/scholarlydata/person/su-nam-kim,0
392,https://w3id.org/scholarlydata/person/su-myeon-kim,https://w3id.org/scholarlydata/person/hak-kim,0
393,https://w3id.org/scholarlydata/person/su-myeon-kim,https://w3id.org/scholarlydata/person/haklae-kim,0
394,https://w3id.org/scholarlydata/person/su-myeon-kim,https://w3id.org/scholarlydata/person/hyunsun-kim,0
395,https://w3id.org/scholarlydata/person/su-myeon-kim,https://w3id.org/scholarlydata/person/su-nam-kim,0
396,https://w3id.org/scholarlydata/person/su-nam-kim,https://w3id.org/scholarlydata/person/hak-kim,0
397,https://w3id.org/scholarlydata/person/su-nam-kim,https://w3id.org/scholarlydata/person/haklae-kim,0
398,https://w3id.org/scholarlydata/person/su-nam-kim,https://w3id.org/scholarlydata/person/hyunsun-kim,0
399,https://w3id.org/scholarlydata/person/su-nam-kim,https://w3id.org/scholarlydata/person/su-myeon-kim,0
400,https://w3id.org/scholarlydata/person/irwin-king,https://w3id.org/scholarlydata/person/ross-king,0
401,https://w3id.org/scholarlydata/person/ross-king,https://w3id.org/scholarlydata/person/irwin-king,0
402,https://w3id.org/scholarlydata/person/adrian-klein,https://w3id.org/scholarlydata/person/amit-klein,0
403,https://w3id.org/scholarlydata/person/adrian-klein,https://w3id.org/scholarlydata/person/michael-klein,0
404,https://w3id.org/scholarlydata/person/amit-klein,https://w3id.org/scholarlydata/person/adrian-klein,0
405,https://w3id.org/scholarlydata/person/amit-klein,https://w3id.org/scholarlydata/person/michael-klein,0
406,https://w3id.org/scholarlydata/person/michael-klein,https://w3id.org/scholarlydata/person/adrian-klein,0
407,https://w3id.org/scholarlydata/person/michael-klein,https://w3id.org/scholarlydata/person/amit-klein,0
408,https://w3id.org/scholarlydata/person/kai-uwe-krause,https://w3id.org/scholarlydata/person/markus-krause,0
409,https://w3id.org/scholarlydata/person/markus-krause,https://w3id.org/scholarlydata/person/kai-uwe-krause,0
410,https://w3id.org/scholarlydata/person/ramnandan-krishnamurthy,https://w3id.org/scholarlydata/person/revathy-krishnamurthy,0
411,https://w3id.org/scholarlydata/person/revathy-krishnamurthy,https://w3id.org/scholarlydata/person/ramnandan-krishnamurthy,0
412,https://w3id.org/scholarlydata/person/tobias-kuhn,https://w3id.org/scholarlydata/person/werner-kuhn,0
413,https://w3id.org/scholarlydata/person/werner-kuhn,https://w3id.org/scholarlydata/person/tobias-kuhn,0
414,https://w3id.org/scholarlydata/person/arun-kumar,https://w3id.org/scholarlydata/person/ravi-kumar,0
415,https://w3id.org/scholarlydata/person/arun-kumar,https://w3id.org/scholarlydata/person/vikash-kumar,0
416,https://w3id.org/scholarlydata/person/ravi-kumar,https://w3id.org/scholarlydata/person/arun-kumar,0
417,https://w3id.org/scholarlydata/person/ravi-kumar,https://w3id.org/scholarlydata/person/vikash-kumar,0
418,https://w3id.org/scholarlydata/person/vikash-kumar,https://w3id.org/scholarlydata/person/arun-kumar,0
419,https://w3id.org/scholarlydata/person/vikash-kumar,https://w3id.org/scholarlydata/person/ravi-kumar,0
420,https://w3id.org/scholarlydata/person/dave-lambert,https://w3id.org/scholarlydata/person/peter-lambert,0
421,https://w3id.org/scholarlydata/person/peter-lambert,https://w3id.org/scholarlydata/person/dave-lambert,0
422,https://w3id.org/scholarlydata/person/kristen-lefevre,https://w3id.org/scholarlydata/person/marie-lefevre,0
423,https://w3id.org/scholarlydata/person/marie-lefevre,https://w3id.org/scholarlydata/person/kristen-lefevre,0
424,https://w3id.org/scholarlydata/person/claudia-lehmann,https://w3id.org/scholarlydata/person/franz-lehmann,0
425,https://w3id.org/scholarlydata/person/claudia-lehmann,https://w3id.org/scholarlydata/person/janette-lehmann,0
426,https://w3id.org/scholarlydata/person/claudia-lehmann,https://w3id.org/scholarlydata/person/jens-lehmann,0
427,https://w3id.org/scholarlydata/person/claudia-lehmann,https://w3id.org/scholarlydata/person/sune-lehmann,0
428,https://w3id.org/scholarlydata/person/franz-lehmann,https://w3id.org/scholarlydata/person/claudia-lehmann,0
429,https://w3id.org/scholarlydata/person/franz-lehmann,https://w3id.org/scholarlydata/person/janette-lehmann,0
430,https://w3id.org/scholarlydata/person/franz-lehmann,https://w3id.org/scholarlydata/person/jens-lehmann,0
431,https://w3id.org/scholarlydata/person/franz-lehmann,https://w3id.org/scholarlydata/person/sune-lehmann,0
432,https://w3id.org/scholarlydata/person/janette-lehmann,https://w3id.org/scholarlydata/person/claudia-lehmann,0
433,https://w3id.org/scholarlydata/person/janette-lehmann,https://w3id.org/scholarlydata/person/franz-lehmann,0
434,https://w3id.org/scholarlydata/person/janette-lehmann,https://w3id.org/scholarlydata/person/jens-lehmann,0
435,https://w3id.org/scholarlydata/person/janette-lehmann,https://w3id.org/scholarlydata/person/sune-lehmann,0
436,https://w3id.org/scholarlydata/person/jens-lehmann,https://w3id.org/scholarlydata/person/claudia-lehmann,0
437,https://w3id.org/scholarlydata/person/jens-lehmann,https://w3id.org/scholarlydata/person/franz-lehmann,0
438,https://w3id.org/scholarlydata/person/jens-lehmann,https://w3id.org/scholarlydata/person/janette-lehmann,0
439,https://w3id.org/scholarlydata/person/jens-lehmann,https://w3id.org/scholarlydata/person/sune-lehmann,0
440,https://w3id.org/scholarlydata/person/sune-lehmann,https://w3id.org/scholarlydata/person/claudia-lehmann,0
441,https://w3id.org/scholarlydata/person/sune-lehmann,https://w3id.org/scholarlydata/person/franz-lehmann,0
442,https://w3id.org/scholarlydata/person/sune-lehmann,https://w3id.org/scholarlydata/person/janette-lehmann,0
443,https://w3id.org/scholarlydata/person/sune-lehmann,https://w3id.org/scholarlydata/person/jens-lehmann,0
444,https://w3id.org/scholarlydata/person/dave-lewis,https://w3id.org/scholarlydata/person/neal-lewis,0
445,https://w3id.org/scholarlydata/person/david-lewis,https://w3id.org/scholarlydata/person/neal-lewis,0
446,https://w3id.org/scholarlydata/person/neal-lewis,https://w3id.org/scholarlydata/person/dave-lewis,0
447,https://w3id.org/scholarlydata/person/neal-lewis,https://w3id.org/scholarlydata/person/david-lewis,0
448,https://w3id.org/scholarlydata/person/chun-lu,https://w3id.org/scholarlydata/person/qin-lu,0
449,https://w3id.org/scholarlydata/person/chun-lu,https://w3id.org/scholarlydata/person/yue-lu,0
450,https://w3id.org/scholarlydata/person/qin-lu,https://w3id.org/scholarlydata/person/chun-lu,0
451,https://w3id.org/scholarlydata/person/qin-lu,https://w3id.org/scholarlydata/person/yue-lu,0
452,https://w3id.org/scholarlydata/person/yue-lu,https://w3id.org/scholarlydata/person/chun-lu,0
453,https://w3id.org/scholarlydata/person/yue-lu,https://w3id.org/scholarlydata/person/qin-lu,0
454,https://w3id.org/scholarlydata/person/bridget-maher,https://w3id.org/scholarlydata/person/kevin-maher,0
455,https://w3id.org/scholarlydata/person/kevin-maher,https://w3id.org/scholarlydata/person/bridget-maher,0
456,https://w3id.org/scholarlydata/person/clemens-martin,https://w3id.org/scholarlydata/person/david-martin,0
457,https://w3id.org/scholarlydata/person/david-martin,https://w3id.org/scholarlydata/person/clemens-martin,0
458,https://w3id.org/scholarlydata/person/kirk-martinez,https://w3id.org/scholarlydata/person/maria-vanina-martinez,0
459,https://w3id.org/scholarlydata/person/maria-vanina-martinez,https://w3id.org/scholarlydata/person/kirk-martinez,0
460,https://w3id.org/scholarlydata/person/emilia-mendes,https://w3id.org/scholarlydata/person/pablo-mendes,0
461,https://w3id.org/scholarlydata/person/emilia-mendes,https://w3id.org/scholarlydata/person/pablo-n-mendes,0
462,https://w3id.org/scholarlydata/person/pablo-mendes,https://w3id.org/scholarlydata/person/emilia-mendes,0
463,https://w3id.org/scholarlydata/person/pablo-n-mendes,https://w3id.org/scholarlydata/person/emilia-mendes,0
464,https://w3id.org/scholarlydata/person/panagiotis-metaxas,https://w3id.org/scholarlydata/person/takis-metaxas,0
465,https://w3id.org/scholarlydata/person/takis-metaxas,https://w3id.org/scholarlydata/person/panagiotis-metaxas,0
466,https://w3id.org/scholarlydata/person/felix-michel,https://w3id.org/scholarlydata/person/vincent-michel,0
467,https://w3id.org/scholarlydata/person/vincent-michel,https://w3id.org/scholarlydata/person/felix-michel,0
468,https://w3id.org/scholarlydata/person/david-millard,https://w3id.org/scholarlydata/person/ian-millard,0
469,https://w3id.org/scholarlydata/person/ian-millard,https://w3id.org/scholarlydata/person/david-millard,0
470,https://w3id.org/scholarlydata/person/alain-mille,https://w3id.org/scholarlydata/person/simon-mille,0
471,https://w3id.org/scholarlydata/person/simon-mille,https://w3id.org/scholarlydata/person/alain-mille,0
472,https://w3id.org/scholarlydata/person/knud-moeller,https://w3id.org/scholarlydata/person/ralf-moeller,0
473,https://w3id.org/scholarlydata/person/knud-moeller,https://w3id.org/scholarlydata/person/ralf-moeller,0
474,https://w3id.org/scholarlydata/person/ralf-moeller,https://w3id.org/scholarlydata/person/knud-moeller,0
475,https://w3id.org/scholarlydata/person/ralf-moeller,https://w3id.org/scholarlydata/person/knud-moeller,0
476,https://w3id.org/scholarlydata/person/andres-moreno,https://w3id.org/scholarlydata/person/yamir-moreno,0
477,https://w3id.org/scholarlydata/person/andres-moreno,https://w3id.org/scholarlydata/person/yamir-moreno,0
478,https://w3id.org/scholarlydata/person/yamir-moreno,https://w3id.org/scholarlydata/person/andres-moreno,0
479,https://w3id.org/scholarlydata/person/yamir-moreno,https://w3id.org/scholarlydata/person/andres-moreno,0
480,https://w3id.org/scholarlydata/person/arjun-mukherjee,https://w3id.org/scholarlydata/person/debnath-mukherjee,0
481,https://w3id.org/scholarlydata/person/debnath-mukherjee,https://w3id.org/scholarlydata/person/arjun-mukherjee,0
482,https://w3id.org/scholarlydata/person/guenter-neumann,https://w3id.org/scholarlydata/person/marco-neumann,0
483,https://w3id.org/scholarlydata/person/guenter-neumann,https://w3id.org/scholarlydata/person/thomas-neumann,0
484,https://w3id.org/scholarlydata/person/marco-neumann,https://w3id.org/scholarlydata/person/guenter-neumann,0
485,https://w3id.org/scholarlydata/person/marco-neumann,https://w3id.org/scholarlydata/person/thomas-neumann,0
486,https://w3id.org/scholarlydata/person/thomas-neumann,https://w3id.org/scholarlydata/person/guenter-neumann,0
487,https://w3id.org/scholarlydata/person/thomas-neumann,https://w3id.org/scholarlydata/person/marco-neumann,0
488,https://w3id.org/scholarlydata/person/hwee-tou-ng,https://w3id.org/scholarlydata/person/vincent-ng,0
489,https://w3id.org/scholarlydata/person/vincent-ng,https://w3id.org/scholarlydata/person/hwee-tou-ng,0
490,https://w3id.org/scholarlydata/person/nuria-oliver,https://w3id.org/scholarlydata/person/silver-oliver,0
491,https://w3id.org/scholarlydata/person/silver-oliver,https://w3id.org/scholarlydata/person/nuria-oliver,0
492,https://w3id.org/scholarlydata/person/francesco-osborne,https://w3id.org/scholarlydata/person/miles-osborne,0
493,https://w3id.org/scholarlydata/person/miles-osborne,https://w3id.org/scholarlydata/person/francesco-osborne,0
494,https://w3id.org/scholarlydata/person/guillermo-palma,https://w3id.org/scholarlydata/person/raul-palma,0
495,https://w3id.org/scholarlydata/person/raul-palma,https://w3id.org/scholarlydata/person/guillermo-palma,0
496,https://w3id.org/scholarlydata/person/rachana-pandey,https://w3id.org/scholarlydata/person/sandeep-pandey,0
497,https://w3id.org/scholarlydata/person/sandeep-pandey,https://w3id.org/scholarlydata/person/rachana-pandey,0
498,https://w3id.org/scholarlydata/person/harshil-parikh,https://w3id.org/scholarlydata/person/nish-parikh,0
499,https://w3id.org/scholarlydata/person/nish-parikh,https://w3id.org/scholarlydata/person/harshil-parikh,0
500,https://w3id.org/scholarlydata/person/martin-peters,https://w3id.org/scholarlydata/person/wim-peters,0
501,https://w3id.org/scholarlydata/person/wim-peters,https://w3id.org/scholarlydata/person/martin-peters,0
502,https://w3id.org/scholarlydata/person/alexandre-miguel-pinto,https://w3id.org/scholarlydata/person/h-sofia-pinto,0
503,https://w3id.org/scholarlydata/person/alexandre-miguel-pinto,https://w3id.org/scholarlydata/person/helena-sofia-pinto,0
504,https://w3id.org/scholarlydata/person/alexandre-miguel-pinto,https://w3id.org/scholarlydata/person/helena-sofia-pinto,0
505,https://w3id.org/scholarlydata/person/h-sofia-pinto,https://w3id.org/scholarlydata/person/alexandre-miguel-pinto,0
506,https://w3id.org/scholarlydata/person/helena-sofia-pinto,https://w3id.org/scholarlydata/person/alexandre-miguel-pinto,0
507,https://w3id.org/scholarlydata/person/helena-sofia-pinto,https://w3id.org/scholarlydata/person/alexandre-miguel-pinto,0
508,https://w3id.org/scholarlydata/person/hema-raghavan,https://w3id.org/scholarlydata/person/prabhakar-raghavan,0
509,https://w3id.org/scholarlydata/person/prabhakar-raghavan,https://w3id.org/scholarlydata/person/hema-raghavan,0
510,https://w3id.org/scholarlydata/person/cartic-ramakrishnan,https://w3id.org/scholarlydata/person/ganesh-ramakrishnan,0
511,https://w3id.org/scholarlydata/person/ganesh-ramakrishnan,https://w3id.org/scholarlydata/person/cartic-ramakrishnan,0
512,https://w3id.org/scholarlydata/person/rajeev-rastogi,https://w3id.org/scholarlydata/person/vibhor-rastogi,0
513,https://w3id.org/scholarlydata/person/vibhor-rastogi,https://w3id.org/scholarlydata/person/rajeev-rastogi,0
514,https://w3id.org/scholarlydata/person/xu-ren,https://w3id.org/scholarlydata/person/yuan-ren,0
515,https://w3id.org/scholarlydata/person/yuan-ren,https://w3id.org/scholarlydata/person/xu-ren,0
516,https://w3id.org/scholarlydata/person/giuseppe-rizzo,https://w3id.org/scholarlydata/person/giuseppe-rizzo1,0
517,https://w3id.org/scholarlydata/person/giuseppe-rizzo1,https://w3id.org/scholarlydata/person/giuseppe-rizzo,0
518,https://w3id.org/scholarlydata/person/andrea-rodriguez,https://w3id.org/scholarlydata/person/carlos-rodriguez,0
519,https://w3id.org/scholarlydata/person/carlos-rodriguez,https://w3id.org/scholarlydata/person/andrea-rodriguez,0
520,https://w3id.org/scholarlydata/person/maurice-rosenfeld,https://w3id.org/scholarlydata/person/roni-rosenfeld,0
521,https://w3id.org/scholarlydata/person/roni-rosenfeld,https://w3id.org/scholarlydata/person/maurice-rosenfeld,0
522,https://w3id.org/scholarlydata/person/camille-roth,https://w3id.org/scholarlydata/person/tobias-roth,0
523,https://w3id.org/scholarlydata/person/tobias-roth,https://w3id.org/scholarlydata/person/camille-roth,0
524,https://w3id.org/scholarlydata/person/carlos-ruiz,https://w3id.org/scholarlydata/person/david-ruiz,0
525,https://w3id.org/scholarlydata/person/david-ruiz,https://w3id.org/scholarlydata/person/carlos-ruiz,0
526,https://w3id.org/scholarlydata/person/ratnesh-sahay,https://w3id.org/scholarlydata/person/saurav-sahay,0
527,https://w3id.org/scholarlydata/person/saurav-sahay,https://w3id.org/scholarlydata/person/ratnesh-sahay,0
528,https://w3id.org/scholarlydata/person/mark-sandler,https://w3id.org/scholarlydata/person/roman-sandler,0
529,https://w3id.org/scholarlydata/person/roman-sandler,https://w3id.org/scholarlydata/person/mark-sandler,0
530,https://w3id.org/scholarlydata/person/kai-uwe-sattler,https://w3id.org/scholarlydata/person/uli-sattler,0
531,https://w3id.org/scholarlydata/person/kai-uwe-sattler,https://w3id.org/scholarlydata/person/ulrike-sattler,0
532,https://w3id.org/scholarlydata/person/uli-sattler,https://w3id.org/scholarlydata/person/kai-uwe-sattler,0
533,https://w3id.org/scholarlydata/person/ulrike-sattler,https://w3id.org/scholarlydata/person/kai-uwe-sattler,0
534,https://w3id.org/scholarlydata/person/jodi-schneider,https://w3id.org/scholarlydata/person/michael-schneider,0
535,https://w3id.org/scholarlydata/person/jodi-schneider,https://w3id.org/scholarlydata/person/patrik-schneider,0
536,https://w3id.org/scholarlydata/person/jodi-schneider,https://w3id.org/scholarlydata/person/thomas-schneider,0
537,https://w3id.org/scholarlydata/person/michael-schneider,https://w3id.org/scholarlydata/person/jodi-schneider,0
538,https://w3id.org/scholarlydata/person/michael-schneider,https://w3id.org/scholarlydata/person/patrik-schneider,0
539,https://w3id.org/scholarlydata/person/michael-schneider,https://w3id.org/scholarlydata/person/thomas-schneider,0
540,https://w3id.org/scholarlydata/person/patrik-schneider,https://w3id.org/scholarlydata/person/jodi-schneider,0
541,https://w3id.org/scholarlydata/person/patrik-schneider,https://w3id.org/scholarlydata/person/michael-schneider,0
542,https://w3id.org/scholarlydata/person/patrik-schneider,https://w3id.org/scholarlydata/person/thomas-schneider,0
543,https://w3id.org/scholarlydata/person/thomas-schneider,https://w3id.org/scholarlydata/person/jodi-schneider,0
544,https://w3id.org/scholarlydata/person/thomas-schneider,https://w3id.org/scholarlydata/person/michael-schneider,0
545,https://w3id.org/scholarlydata/person/thomas-schneider,https://w3id.org/scholarlydata/person/patrik-schneider,0
546,https://w3id.org/scholarlydata/person/dan-scott,https://w3id.org/scholarlydata/person/tom-scott,0
547,https://w3id.org/scholarlydata/person/tom-scott,https://w3id.org/scholarlydata/person/dan-scott,0
548,https://w3id.org/scholarlydata/person/prithviraj-sen,https://w3id.org/scholarlydata/person/subhabrata-sen,0
549,https://w3id.org/scholarlydata/person/subhabrata-sen,https://w3id.org/scholarlydata/person/prithviraj-sen,0
550,https://w3id.org/scholarlydata/person/james-hendler,https://w3id.org/scholarlydata/person/nigel-r-shadbolt,0
551,https://w3id.org/scholarlydata/person/james-hendler,https://w3id.org/scholarlydata/person/nigel-r-shadbolt,0
552,https://w3id.org/scholarlydata/person/james-hendler,https://w3id.org/scholarlydata/person/nigel-shadbolt,0
553,https://w3id.org/scholarlydata/person/james-hendler,https://w3id.org/scholarlydata/person/nigel-shadbolt,0
554,https://w3id.org/scholarlydata/person/nigel-r-shadbolt,https://w3id.org/scholarlydata/person/james-hendler,0
555,https://w3id.org/scholarlydata/person/nigel-r-shadbolt,https://w3id.org/scholarlydata/person/james-hendler,0
556,https://w3id.org/scholarlydata/person/nigel-shadbolt,https://w3id.org/scholarlydata/person/james-hendler,0
557,https://w3id.org/scholarlydata/person/nigel-shadbolt,https://w3id.org/scholarlydata/person/james-hendler,0
558,https://w3id.org/scholarlydata/person/ashutosh-jagdish-sharma,https://w3id.org/scholarlydata/person/naveen-kumar-sharma,0
559,https://w3id.org/scholarlydata/person/ashutosh-jagdish-sharma,https://w3id.org/scholarlydata/person/naveen-kumar-sharma,0
560,https://w3id.org/scholarlydata/person/naveen-kumar-sharma,https://w3id.org/scholarlydata/person/ashutosh-jagdish-sharma,0
561,https://w3id.org/scholarlydata/person/naveen-kumar-sharma,https://w3id.org/scholarlydata/person/ashutosh-jagdish-sharma,0
562,https://w3id.org/scholarlydata/person/dou-shen,https://w3id.org/scholarlydata/person/wei-shen,0
563,https://w3id.org/scholarlydata/person/dou-shen,https://w3id.org/scholarlydata/person/xuehua-shen,0
564,https://w3id.org/scholarlydata/person/dou-shen,https://w3id.org/scholarlydata/person/yi-dong-shen,0
565,https://w3id.org/scholarlydata/person/dou-shen,https://w3id.org/scholarlydata/person/yi-dong-shen,0
566,https://w3id.org/scholarlydata/person/dou-shen,https://w3id.org/scholarlydata/person/yi-dong-shen,0
567,https://w3id.org/scholarlydata/person/wei-shen,https://w3id.org/scholarlydata/person/dou-shen,0
568,https://w3id.org/scholarlydata/person/wei-shen,https://w3id.org/scholarlydata/person/xuehua-shen,0
569,https://w3id.org/scholarlydata/person/wei-shen,https://w3id.org/scholarlydata/person/yi-dong-shen,0
570,https://w3id.org/scholarlydata/person/wei-shen,https://w3id.org/scholarlydata/person/yi-dong-shen,0
571,https://w3id.org/scholarlydata/person/wei-shen,https://w3id.org/scholarlydata/person/yi-dong-shen,0
572,https://w3id.org/scholarlydata/person/xuehua-shen,https://w3id.org/scholarlydata/person/dou-shen,0
573,https://w3id.org/scholarlydata/person/xuehua-shen,https://w3id.org/scholarlydata/person/wei-shen,0
574,https://w3id.org/scholarlydata/person/xuehua-shen,https://w3id.org/scholarlydata/person/yi-dong-shen,0
575,https://w3id.org/scholarlydata/person/xuehua-shen,https://w3id.org/scholarlydata/person/yi-dong-shen,0
576,https://w3id.org/scholarlydata/person/xuehua-shen,https://w3id.org/scholarlydata/person/yi-dong-shen,0
577,https://w3id.org/scholarlydata/person/yi-dong-shen,https://w3id.org/scholarlydata/person/dou-shen,0
578,https://w3id.org/scholarlydata/person/yi-dong-shen,https://w3id.org/scholarlydata/person/dou-shen,0
579,https://w3id.org/scholarlydata/person/yi-dong-shen,https://w3id.org/scholarlydata/person/dou-shen,0
580,https://w3id.org/scholarlydata/person/yi-dong-shen,https://w3id.org/scholarlydata/person/wei-shen,0
581,https://w3id.org/scholarlydata/person/yi-dong-shen,https://w3id.org/scholarlydata/person/wei-shen,0
582,https://w3id.org/scholarlydata/person/yi-dong-shen,https://w3id.org/scholarlydata/person/wei-shen,0
583,https://w3id.org/scholarlydata/person/yi-dong-shen,https://w3id.org/scholarlydata/person/xuehua-shen,0
584,https://w3id.org/scholarlydata/person/yi-dong-shen,https://w3id.org/scholarlydata/person/xuehua-shen,0
585,https://w3id.org/scholarlydata/person/yi-dong-shen,https://w3id.org/scholarlydata/person/xuehua-shen,0
586,https://w3id.org/scholarlydata/person/shuming-shi,https://w3id.org/scholarlydata/person/weisong-shi,0
587,https://w3id.org/scholarlydata/person/shuming-shi,https://w3id.org/scholarlydata/person/xiaolin-shi,0
588,https://w3id.org/scholarlydata/person/weisong-shi,https://w3id.org/scholarlydata/person/shuming-shi,0
589,https://w3id.org/scholarlydata/person/weisong-shi,https://w3id.org/scholarlydata/person/xiaolin-shi,0
590,https://w3id.org/scholarlydata/person/xiaolin-shi,https://w3id.org/scholarlydata/person/shuming-shi,0
591,https://w3id.org/scholarlydata/person/xiaolin-shi,https://w3id.org/scholarlydata/person/weisong-shi,0
592,https://w3id.org/scholarlydata/person/andy-shin,https://w3id.org/scholarlydata/person/suengwon-shin,0
593,https://w3id.org/scholarlydata/person/suengwon-shin,https://w3id.org/scholarlydata/person/andy-shin,0
594,https://w3id.org/scholarlydata/person/alex-simov,https://w3id.org/scholarlydata/person/kiril-simov,0
595,https://w3id.org/scholarlydata/person/kiril-simov,https://w3id.org/scholarlydata/person/alex-simov,0
596,https://w3id.org/scholarlydata/person/philipp-singer,https://w3id.org/scholarlydata/person/ross-singer,0
597,https://w3id.org/scholarlydata/person/ross-singer,https://w3id.org/scholarlydata/person/philipp-singer,0
598,https://w3id.org/scholarlydata/person/amit-singh,https://w3id.org/scholarlydata/person/gyanit-singh,0
599,https://w3id.org/scholarlydata/person/amit-singh,https://w3id.org/scholarlydata/person/jatinder-singh,0
600,https://w3id.org/scholarlydata/person/amit-singh,https://w3id.org/scholarlydata/person/kapil-singh,0
601,https://w3id.org/scholarlydata/person/gyanit-singh,https://w3id.org/scholarlydata/person/amit-singh,0
602,https://w3id.org/scholarlydata/person/gyanit-singh,https://w3id.org/scholarlydata/person/jatinder-singh,0
603,https://w3id.org/scholarlydata/person/gyanit-singh,https://w3id.org/scholarlydata/person/kapil-singh,0
604,https://w3id.org/scholarlydata/person/jatinder-singh,https://w3id.org/scholarlydata/person/amit-singh,0
605,https://w3id.org/scholarlydata/person/jatinder-singh,https://w3id.org/scholarlydata/person/gyanit-singh,0
606,https://w3id.org/scholarlydata/person/jatinder-singh,https://w3id.org/scholarlydata/person/kapil-singh,0
607,https://w3id.org/scholarlydata/person/kapil-singh,https://w3id.org/scholarlydata/person/amit-singh,0
608,https://w3id.org/scholarlydata/person/kapil-singh,https://w3id.org/scholarlydata/person/gyanit-singh,0
609,https://w3id.org/scholarlydata/person/kapil-singh,https://w3id.org/scholarlydata/person/jatinder-singh,0
610,https://w3id.org/scholarlydata/person/barry-smyth,https://w3id.org/scholarlydata/person/maria-smyth,0
611,https://w3id.org/scholarlydata/person/maria-smyth,https://w3id.org/scholarlydata/person/barry-smyth,0
612,https://w3id.org/scholarlydata/person/fuqi-song,https://w3id.org/scholarlydata/person/ruihua-song,0
613,https://w3id.org/scholarlydata/person/fuqi-song,https://w3id.org/scholarlydata/person/shuangyong-song,0
614,https://w3id.org/scholarlydata/person/fuqi-song,https://w3id.org/scholarlydata/person/yang-song,0
615,https://w3id.org/scholarlydata/person/ruihua-song,https://w3id.org/scholarlydata/person/fuqi-song,0
616,https://w3id.org/scholarlydata/person/ruihua-song,https://w3id.org/scholarlydata/person/shuangyong-song,0
617,https://w3id.org/scholarlydata/person/ruihua-song,https://w3id.org/scholarlydata/person/yang-song,0
618,https://w3id.org/scholarlydata/person/shuangyong-song,https://w3id.org/scholarlydata/person/fuqi-song,0
619,https://w3id.org/scholarlydata/person/shuangyong-song,https://w3id.org/scholarlydata/person/ruihua-song,0
620,https://w3id.org/scholarlydata/person/shuangyong-song,https://w3id.org/scholarlydata/person/yang-song,0
621,https://w3id.org/scholarlydata/person/yang-song,https://w3id.org/scholarlydata/person/fuqi-song,0
622,https://w3id.org/scholarlydata/person/yang-song,https://w3id.org/scholarlydata/person/ruihua-song,0
623,https://w3id.org/scholarlydata/person/yang-song,https://w3id.org/scholarlydata/person/shuangyong-song,0
624,https://w3id.org/scholarlydata/person/claus-stadler,https://w3id.org/scholarlydata/person/rolf-stadler,0
625,https://w3id.org/scholarlydata/person/rolf-stadler,https://w3id.org/scholarlydata/person/claus-stadler,0
626,https://w3id.org/scholarlydata/person/nadine-steinmetz,https://w3id.org/scholarlydata/person/ralf-steinmetz,0
627,https://w3id.org/scholarlydata/person/ralf-steinmetz,https://w3id.org/scholarlydata/person/nadine-steinmetz,0
628,https://w3id.org/scholarlydata/person/ljiljana-stojanovic,https://w3id.org/scholarlydata/person/nenad-stojanovic,0
629,https://w3id.org/scholarlydata/person/ljiljana-stojanovic,https://w3id.org/scholarlydata/person/nenad-stojanovic,0
630,https://w3id.org/scholarlydata/person/ljiljana-stojanovic,https://w3id.org/scholarlydata/person/nenad-stojanovic,0
631,https://w3id.org/scholarlydata/person/ljiljana-stojanovic,https://w3id.org/scholarlydata/person/nenad-stojanovic,0
632,https://w3id.org/scholarlydata/person/nenad-stojanovic,https://w3id.org/scholarlydata/person/ljiljana-stojanovic,0
633,https://w3id.org/scholarlydata/person/nenad-stojanovic,https://w3id.org/scholarlydata/person/ljiljana-stojanovic,0
634,https://w3id.org/scholarlydata/person/nenad-stojanovic,https://w3id.org/scholarlydata/person/ljiljana-stojanovic,0
635,https://w3id.org/scholarlydata/person/nenad-stojanovic,https://w3id.org/scholarlydata/person/ljiljana-stojanovic,0
636,https://w3id.org/scholarlydata/person/aixin-sun,https://w3id.org/scholarlydata/person/chengzheng-sun,0
637,https://w3id.org/scholarlydata/person/aixin-sun,https://w3id.org/scholarlydata/person/gordon-sun,0
638,https://w3id.org/scholarlydata/person/aixin-sun,https://w3id.org/scholarlydata/person/jian-tao-sun,0
639,https://w3id.org/scholarlydata/person/aixin-sun,https://w3id.org/scholarlydata/person/tao-sun,0
640,https://w3id.org/scholarlydata/person/chengzheng-sun,https://w3id.org/scholarlydata/person/aixin-sun,0
641,https://w3id.org/scholarlydata/person/chengzheng-sun,https://w3id.org/scholarlydata/person/gordon-sun,0
642,https://w3id.org/scholarlydata/person/chengzheng-sun,https://w3id.org/scholarlydata/person/jian-tao-sun,0
643,https://w3id.org/scholarlydata/person/chengzheng-sun,https://w3id.org/scholarlydata/person/tao-sun,0
644,https://w3id.org/scholarlydata/person/gordon-sun,https://w3id.org/scholarlydata/person/aixin-sun,0
645,https://w3id.org/scholarlydata/person/gordon-sun,https://w3id.org/scholarlydata/person/chengzheng-sun,0
646,https://w3id.org/scholarlydata/person/gordon-sun,https://w3id.org/scholarlydata/person/jian-tao-sun,0
647,https://w3id.org/scholarlydata/person/gordon-sun,https://w3id.org/scholarlydata/person/tao-sun,0
648,https://w3id.org/scholarlydata/person/jian-tao-sun,https://w3id.org/scholarlydata/person/aixin-sun,0
649,https://w3id.org/scholarlydata/person/jian-tao-sun,https://w3id.org/scholarlydata/person/chengzheng-sun,0
650,https://w3id.org/scholarlydata/person/jian-tao-sun,https://w3id.org/scholarlydata/person/gordon-sun,0
651,https://w3id.org/scholarlydata/person/jian-tao-sun,https://w3id.org/scholarlydata/person/tao-sun,0
652,https://w3id.org/scholarlydata/person/tao-sun,https://w3id.org/scholarlydata/person/aixin-sun,0
653,https://w3id.org/scholarlydata/person/tao-sun,https://w3id.org/scholarlydata/person/chengzheng-sun,0
654,https://w3id.org/scholarlydata/person/tao-sun,https://w3id.org/scholarlydata/person/gordon-sun,0
655,https://w3id.org/scholarlydata/person/tao-sun,https://w3id.org/scholarlydata/person/jian-tao-sun,0
656,https://w3id.org/scholarlydata/person/katsumi-tanaka,https://w3id.org/scholarlydata/person/yuzuru-tanaka,0
657,https://w3id.org/scholarlydata/person/yuzuru-tanaka,https://w3id.org/scholarlydata/person/katsumi-tanaka,0
658,https://w3id.org/scholarlydata/person/jie-tang,https://w3id.org/scholarlydata/person/john-tang,0
659,https://w3id.org/scholarlydata/person/jie-tang,https://w3id.org/scholarlydata/person/lei-tang,0
660,https://w3id.org/scholarlydata/person/john-tang,https://w3id.org/scholarlydata/person/jie-tang,0
661,https://w3id.org/scholarlydata/person/john-tang,https://w3id.org/scholarlydata/person/lei-tang,0
662,https://w3id.org/scholarlydata/person/lei-tang,https://w3id.org/scholarlydata/person/jie-tang,0
663,https://w3id.org/scholarlydata/person/lei-tang,https://w3id.org/scholarlydata/person/john-tang,0
664,https://w3id.org/scholarlydata/person/jia-tao,https://w3id.org/scholarlydata/person/ke-tao,0
665,https://w3id.org/scholarlydata/person/jia-tao,https://w3id.org/scholarlydata/person/shu-tao,0
666,https://w3id.org/scholarlydata/person/ke-tao,https://w3id.org/scholarlydata/person/jia-tao,0
667,https://w3id.org/scholarlydata/person/ke-tao,https://w3id.org/scholarlydata/person/shu-tao,0
668,https://w3id.org/scholarlydata/person/shu-tao,https://w3id.org/scholarlydata/person/jia-tao,0
669,https://w3id.org/scholarlydata/person/shu-tao,https://w3id.org/scholarlydata/person/ke-tao,0
670,https://w3id.org/scholarlydata/person/kerry-taylor,https://w3id.org/scholarlydata/person/richard-taylor,0
671,https://w3id.org/scholarlydata/person/richard-taylor,https://w3id.org/scholarlydata/person/kerry-taylor,0
672,https://w3id.org/scholarlydata/person/bryan-thompson,https://w3id.org/scholarlydata/person/matt-thompson,0
673,https://w3id.org/scholarlydata/person/matt-thompson,https://w3id.org/scholarlydata/person/bryan-thompson,0
674,https://w3id.org/scholarlydata/person/diego-torres,https://w3id.org/scholarlydata/person/marcos-torres,0
675,https://w3id.org/scholarlydata/person/marcos-torres,https://w3id.org/scholarlydata/person/diego-torres,0
676,https://w3id.org/scholarlydata/person/khoi-nguyen-tran,https://w3id.org/scholarlydata/person/thanh-tran,0
677,https://w3id.org/scholarlydata/person/khoi-nguyen-tran,https://w3id.org/scholarlydata/person/thanh-tran,0
678,https://w3id.org/scholarlydata/person/thanh-tran,https://w3id.org/scholarlydata/person/khoi-nguyen-tran,0
679,https://w3id.org/scholarlydata/person/thanh-tran,https://w3id.org/scholarlydata/person/khoi-nguyen-tran,0
680,https://w3id.org/scholarlydata/person/maria-esther-vidal,https://w3id.org/scholarlydata/person/vania-vidal,0
681,https://w3id.org/scholarlydata/person/maria-esther-vidal,https://w3id.org/scholarlydata/person/vania-vidal,0
682,https://w3id.org/scholarlydata/person/maria-esther-vidal,https://w3id.org/scholarlydata/person/vania-vidal,0
683,https://w3id.org/scholarlydata/person/maria-esther-vidal,https://w3id.org/scholarlydata/person/vania-vidal,0
684,https://w3id.org/scholarlydata/person/vania-vidal,https://w3id.org/scholarlydata/person/maria-esther-vidal,0
685,https://w3id.org/scholarlydata/person/vania-vidal,https://w3id.org/scholarlydata/person/maria-esther-vidal,0
686,https://w3id.org/scholarlydata/person/vania-vidal,https://w3id.org/scholarlydata/person/maria-esther-vidal,0
687,https://w3id.org/scholarlydata/person/vania-vidal,https://w3id.org/scholarlydata/person/maria-esther-vidal,0
688,https://w3id.org/scholarlydata/person/andreas-wagner,https://w3id.org/scholarlydata/person/claudia-wagner,0
689,https://w3id.org/scholarlydata/person/andreas-wagner,https://w3id.org/scholarlydata/person/florian-wagner,0
690,https://w3id.org/scholarlydata/person/andreas-wagner,https://w3id.org/scholarlydata/person/matthias-wagner,0
691,https://w3id.org/scholarlydata/person/claudia-wagner,https://w3id.org/scholarlydata/person/andreas-wagner,0
692,https://w3id.org/scholarlydata/person/claudia-wagner,https://w3id.org/scholarlydata/person/florian-wagner,0
693,https://w3id.org/scholarlydata/person/claudia-wagner,https://w3id.org/scholarlydata/person/matthias-wagner,0
694,https://w3id.org/scholarlydata/person/florian-wagner,https://w3id.org/scholarlydata/person/andreas-wagner,0
695,https://w3id.org/scholarlydata/person/florian-wagner,https://w3id.org/scholarlydata/person/claudia-wagner,0
696,https://w3id.org/scholarlydata/person/florian-wagner,https://w3id.org/scholarlydata/person/matthias-wagner,0
697,https://w3id.org/scholarlydata/person/matthias-wagner,https://w3id.org/scholarlydata/person/andreas-wagner,0
698,https://w3id.org/scholarlydata/person/matthias-wagner,https://w3id.org/scholarlydata/person/claudia-wagner,0
